Title,Description,Local Image Filename
AN SHEN BU XIN WAN (CALM SHEN/SPIRIT),"AN SHEN BU XIN WAN (CALM SHEN/SPIRIT)An Shen Bu Xin Wan calms the spirit and restores normal sleep rhythm by nourishing Heart Yin and blood.  feeling of your heart pounding and having a hard time falling asleep are common symptoms. It is also used for mood swings, lightheadedness, temporal hearing loss, and occasional ringing in the ears.",AN_SHEN_BU_XIN_WAN_(CALM_SHENSPIRIT).png
BA ZHEN WAN (EIGHT TONIC PILLS),"BA ZHEN WAN (EIGHT TONIC PILLS)It nourishes both Blood and Qi. It is used for deficiency of Qi and Blood, sallow complexion, poor appetite, weak arms and legs, hypermenorrhea.",BA_ZHEN_WAN_(EIGHT_TONIC_PILLS).png
BA ZHENG WAN (Clean Urine),"BA ZHENG WAN (Clean Urine)It can clear Heat, purge Fire and support urine flow. It is used for the Lin Syndrome presenting with urgent urination, difficulty and pain in micturition，scanty dark and turbid urine, heavy feeling in the lower abdomen, thirsty mouth, red tongue with yellow fur, and slippery forceful pulse.",BA_ZHENG_WAN_(Clean_Urine).png
BAN LONG WAN (Tonify Prime Yang),"BAN LONG WAN (Tonify Prime Yang)It warms and nourishes primary/Yuan Yang, prolong life. It is used for deficiency of Yuan Yang, symptoms include back and knee ache, impotence and early ejaculation, increased urination, tinnitus, fatigue and annoyed, intolerance of cold, and weak energy.",BAN_LONG_WAN_(Tonify_Prime_Yang).png
BAO HE WAN (Digestion Aid),"BAO HE WAN (Digestion Aid)It helps to digest food, transmit stagnation, and harmonize stomach. It is used for food stagnation, abdominal distention, esophageal reflux, and no appetite for food.",BAO_HE_WAN_(Digestion_Aid).png
BAN XIA XIE XIN WAN (Harmonize Stomach),"BAN XIA XIE XIN WAN (Harmonize Stomach)Ban Xia Xie Xin Tang Pill is used for “Pi syndrome"" (痞症disharmony between the stomach and the spleen) marked by the focal distention or fullness in the stomach, along with various stomach discomforts. Such an array of signs is a display of coincident chills and heat. It is currently used for gastroesophageal reflux disease, chronic gastritis, gastric ulcer, duodenal ulcer, functional dyspepsia, chronic colitis, etc.",BAN_XIA_XIE_XIN_WAN_(Harmonize_Stomach).png
Bi Yan Wan (Rhinitis Pills),"Bi Yan Wan (Rhinitis Pills)Bi Yan Wan helps the nasal airflow by dispersing Wind and expelling toxins. Moreover, it transforms mucus. It can be used for Rhinitis, Allergic Rhinitis, Chronic Rhinitis and Nasosinusitis.",Bi_Yan_Wan_(Rhinitis_Pills).png
BU ZHONG YI QI WAN (Tonify Center Qi),"BU ZHONG YI QI WAN (Tonify Center Qi)Bu Zhong Yi Qi Wan can nourish the spleen and promote Qi due to the Qi deficiency. The central Qi provides the vital energy of the body including the internal organs and physical activities. When Qi is weak, the organs like stomach, uterus, and rectum fail to support themselves; the body loses the physical strength and shows tiredness, weakness, lack of interest in speech.",BU_ZHONG_YI_QI_WAN_(Tonify_Center_Qi).png
CHAI HU SHU GAN WAN (Liver Harmonize),"CHAI HU SHU GAN WAN (Liver Harmonize)It is used for Liver Qi stagnation, includes distending discomfort along the sides of the body, deep breathing, short temper, chest distention, and frequent belching. It can be used for premenstrual syndrome, dysmenorrhea, irregular menstruation, and gastrointestinal disease, include gastritis, gastric ulcer, hepatitis, cholecystitis, etc.",CHAI_HU_SHU_GAN_WAN_(Liver_Harmonize).png
CHUAN XIN LIAN KANG YAN WAN (Anti-Inflammation),"CHUAN XIN LIAN KANG YAN WAN (Anti-Inflammation)It clears heat, resolves toxin, cools blood, disperses swelling, supports the body's immune function.  It is for San Jiao Heat, acute toxin inflammations on the blood, lymph, or organ level. It can be used for viral tonsillitis, viral hepatitis, herpes simplex and zoster, common cold, influenza, measles, mumps, chicken pox; bacterial infections causing sore throat, sinusitis, bacterial dysentery, skin infections such as boils; acute gastroenteritis, urinary tract infection, pelvic inflammatory disease, ear infections, gum infections, bronchitis, etc.",CHUAN_XIN_LIAN_KANG_YAN_WAN_(Anti-Inflammation).png
CHUAN XIONG CHA TIAO WAN (Head Clear),"CHUAN XIONG CHA TIAO WAN (Head Clear)It is indicated for conditions in which external Wind has disrupted the flow of Qi energy in the channels or meridians and thus obstructs the clear Yang Qi and causes discomfort. It drives wind from the head, clears heat, relieves discomfort. It is appropriate with signs of external wind invasion which include a thin, white tongue coating, superficial pulse and heat and/or chills due to exogenous wind.",CHUAN_XIONG_CHA_TIAO_WAN_(Head_Clear).png
DA BU YIN WAN (Nourish Yin Plus),"DA BU YIN WAN (Nourish Yin Plus)It can nourish Yin and clear fire. It is used for Yin deficient heat, symptoms include tidal fever and night sweat, cough, tinnitus.",DA_BU_YIN_WAN_(Nourish_Yin_Plus).png
DANG GUI WAN (Angelica Pills),"DANG GUI WAN (Angelica Pills)It can activate blood and tonify blood, regulate menstruation and stop pain. It is used for blood deficiency, irregular menstruation and period pain.",DANG_GUI_WAN_(Angelica_Pills).png
DU HUO JI SHENG WAN (Joint & Back Aid),"DU HUO JI SHENG WAN (Joint & Back Aid)It nourishes the Blood, soothes the sinews, and expels Wind and Dampness. | It acts to expel wind and remove dampness, remove obstruction in Qi and blood circulation. It is used for chronic lower back pain, sciatica due to degenerative joint disease, chronic arthritis, neck pain and stiffness, osteoarthritis, stroke, gout, etc.",DU_HUO_JI_SHENG_WAN_(Joint_&_Back_Aid).png
ER CHEN WAN (Phlegm/Dampness),"ER CHEN WAN (Phlegm/Dampness)It can dry dampness and dissolve phlegm, regulate Qi and harmonize stomach. It is used for Damp-Phlegm syndrome, symptoms include a large amount of Phlegm, nausea, vomiting, uncomfortable stomach, heavy limbs, dizziness and palpitations. It is used for chronic bronchitis, chronic gastritis, Meniere disease, and neurological vomiting, which are caused by Damp-Phlegm.",ER_CHEN_WAN_(PhlegmDampness).png
FANG FENG TONG SHENG WAN (Clear Heat),"FANG FENG TONG SHENG WAN (Clear Heat)It disperses wind, releases the exterior, drains heat and unblocks the bowels. It is used for external cold with internal heat, excess syndrome at exterior and interior, fear cold, high fever, headache, dry throat, dark and little urine, constipation, onset of scrofula, rubella and eczema. It can also help for weigh control, skin health, sweating and detox.",FANG_FENG_TONG_SHENG_WAN_(Clear_Heat).png
FU ZHENG FANG (Immune Aid),"FU ZHENG FANG (Immune Aid)It nourishes Qi and Yin, strengthen Spleen and harmonize Stomach, removes tumor and stasis, and helps to strengthen Zheng Qi (immunity). It is mainly used for cancer, viral or bacterial infections and the body’s recovery after sickness. It is mainly used to treat immune deficiency, include weakness, fatigue, poor appetite, cancer, HIV positive patient.",FU_ZHENG_FANG_(Immune_Aid).png
FU ZI LI ZHONG WAN (Warm Middle),"FU ZI LI ZHONG WAN (Warm Middle)It warms the ""Middle Energizer"" and strengthens the Spleen, stop diarrhea and pain. It is used for deficiency cold of spleen and stomach, cold pain in the abdomen, vomit and diarrhea, cold hands and feet.",FU_ZI_LI_ZHONG_WAN_(Warm_Middle).png
GAN MAO LING (Common Cold),"GAN MAO LING (Common Cold)It can clear heat and remove toxicity, dispel wind-heat. It used for wind-heat type common cold and early stage of febrile disease. It can also be used for supporting the health of the immune, nervous, and respiratory systems as well as the sinuses, stomach, and bowels.",GAN_MAO_LING_(Common_Cold).png
GUAN JIE YAN WAN (Joint Health),"GUAN JIE YAN WAN (Joint Health)It tonifies Qi and Blood, dispels Wind, Cold and Dampness, and supports a healthy knee function. It is used for of Bi syndrome, which manifest as soreness or stiffness of the knees and loin, or limited movement or numbness of the legs and feet, or spasm of the hands and feet.",GUAN_JIE_YAN_WAN_(Joint_Health).png
GUI PI WAN (Spleen Aid),"GUI PI WAN (Spleen Aid)It strengthens the Spleen and the Heart. It is used to nourish the Blood, replenish Qi, and calm the mind in cases of overwork or stress. Heart and Spleen deficiency signs are: 1. difficulty in staying focused and easily forgetting what is learned; 2. not falling asleep easily; 3. lack of energy with a pale face; 4. loss of appetite.",GUI_PI_WAN_(Spleen_Aid).png
GUI ZHI FU LING WAN (Uterus Stagnation),"GUI ZHI FU LING WAN (Uterus Stagnation)It helps for promoting Blood circulation, removes Blood Stasis and eliminating mass.  It is used for uterine fibroids, polyps, ovarian cysts, endometriosis and pelvic inflammatory disease. It is mostly used to support a healthy gynecological function.",GUI_ZHI_FU_LING_WAN_(Uterus_Stagnation).png
HUAI JIAO WAN (Sophora Fruit Pills),"HUAI JIAO WAN (Sophora Fruit Pills)It stops itching and pain, subsides swell, expels damp toxin, cleans intestine and expels wind, colds the Blood and stops bleeding. It is used for intestinal wind and hematochezia, bleeding hemorrhoids, tenesmus and rectocele with dry feces caused by heat in the blood.",HUAI_JIAO_WAN_(Sophora_Fruit_Pills).png
HUO XIANG ZHENG QI WAN (Regulate Stomach),"HUO XIANG ZHENG QI WAN (Regulate Stomach)It can relieve the exterior syndrome, transform dampness, regulate Qi, and harmonize the middle Jiao. It is used to regulate the digestive system and maintain normal bowel functions. It can also be used for stomachache, diarrhea, motion sickness, cold, fever and headache.",HUO_XIANG_ZHENG_QI_WAN_(Regulate_Stomach).png
JIA WEI XIAO YAO WAN (Ease Life Plus),"JIA WEI XIAO YAO WAN (Ease Life Plus)It can smooth Liver, clear heat, tonify Spleen and nourish blood. It is used for Live Qi stagnation, blood deficiency, Liver- Spleen disharmony , symptoms include hypochondrium distending pain, dizziness and vertigo, lassitude and poor appetite, irregular menstruation, belly distending pain. It can also be used for supporting emotional harmony.",JIA_WEI_XIAO_YAO_WAN_(Ease_Life_Plus).png
JIANG DAN GU CHUAN WAN (Lower Cholesterol),JIANG DAN GU CHUAN WAN (Lower Cholesterol)It helps removing blood stasis and dredging collaterals. It is used for maintaining healthy cholesterol and triglycerides within the normal range.,JIANG_DAN_GU_CHUAN_WAN_(Lower_Cholesterol).png
JIANG YA WAN (Hypertension Pills),"JIANG YA WAN (Hypertension Pills)It helps to calm the liver, subdue the Yang, enrich the Yin, and support healthy blood pressure. It is used for treating hypertension, chronic headache and migraine, dizziness and vertigo, eye redness, irritability and other Liver Fire and Liver Yang Hyper-activities.",JIANG_YA_WAN_(Hypertension_Pills).png
JIE GENG WAN (Platycodon Pills),"JIE GENG WAN (Platycodon Pills)It eliminates phlegm and pus, clears deficiency fire, and clears toxins. It is used for Phlegm Stagnation in the chest with Deficiency Fire Rising. Symptoms include, Coughing, Swelling and pain of the throat, sputum with mucus and Blood, Chills, Fullness in the chest, Foulsmelling sputum. It can be used for pulmonary gangrene, pulmonary abscess, cough, lung cancer, bronchitis, tonsillitis, COPD, etc",JIE_GENG_WAN_(Platycodon_Pills).png
JIN GUI SHEN QI WAN (Kidney Yang),"JIN GUI SHEN QI WAN (Kidney Yang)It eliminates phlegm and pus, clears deficiency fire, and clears toxins. It is used for Phlegm Stagnation in the chest with Deficiency Fire Rising. Symptoms include, Coughing, Swelling and pain of the throat, sputum with mucus and Blood, Chills, Fullness in the chest, Foul smelling sputum. It can be used for pulmonary gangrene, pulmonary abscess, cough, lung cancer, bronchitis, tonsillitis, COPD, etc.",JIN_GUI_SHEN_QI_WAN_(Kidney_Yang).png
JIN SUO GU JING WAN (Control Emission),"JIN SUO GU JING WAN (Control Emission)It is specific for male sexual dysfunction, including premature ejaculation, impotence, and nocturnal emissions. It works by strengthening the deepest reserves of energy in the body – those of the Kidney. May also be helpful to women with vaginal discharge (leucorrhea), excessive sweating, and diarrhea. Other symptoms that may be present: Fatigue, Lower backache, Dizziness, Tinnitus (ringing in the ears), Weak limbs.",JIN_SUO_GU_JING_WAN_(Control_Emission).png
JIU WEI QIANG HUO WAN (Dispel Wind-Cold),"JIU WEI QIANG HUO WAN (Dispel Wind-Cold)It dispels Wind, relieve exterior syndrome, expel Cold and dispel Dampness. It is used for fear of Cold, fever without sweating, head heaviness and ache and painful limbs caused by Wind-Cold and Dampness.",JIU_WEI_QIANG_HUO_WAN_(Dispel_Wind-Cold).png
KANG GU ZENG SHENG WAN (Anti Hyperosteogeny),"KANG GU ZENG SHENG WAN (Anti Hyperosteogeny)It tonifies liver and kidneys, strengthens tendons and bones, dispels wind-damp, invigorates the blood, unblocks the channels and collaterals. It is used for Hyperosteogeny in elderly people.  It can also be used for promoting the health of your loins, bones, muscles, kidneys, blood and nervous system.",KANG_GU_ZENG_SHENG_WAN_(Anti_Hyperosteogeny).png
LI DAN PAI SHI WAN (Gallstone),"LI DAN PAI SHI WAN (Gallstone)It can clear heat and dampness, clean gallbladder and expel stone. It is used for hypochondriac pain caused by damp-heat toxin and Qi stagnation, swollen gallbladder and pain, fever, yellow urine, constipation, cholecystitis, cholelithiasis, etc.",LI_DAN_PAI_SHI_WAN_(Gallstone).png
LI DAN WAN (Gallbladder Heat),LI DAN WAN (Gallbladder Heat)It clears heat from the Gallbladder. It is used for cholecystitis and cholelithiasis.,LI_DAN_WAN_(Gallbladder_Heat).png
LI ZHONG WAN (Regulate Middle),"LI ZHONG WAN (Regulate Middle)It can warm the middle Jiao and expel cold, tonify Qi and Spleen. It is used for deficiency and Cold in Spleen and Stomach, vomiting and stomach ache, no appetite, cold stomach and gastroenteritis, infant convulsions, etc.",LI_ZHONG_WAN_(Regulate_Middle).png
LIAN QIAO BAI DU WAN (Skin Detox),"LIAN QIAO BAI DU WAN (Skin Detox)It clears heat, removes toxicity, relieves swelling and pain, cools the Blood, and stops itching. It is used for boil and furunculosis, inflammation or suppuration of the skin, heat and fever, suppurate, erysipelas, herpes, scabies, etc.",LIAN_QIAO_BAI_DU_WAN_(Skin_Detox).png
LIU WEI DI HUANG WAN (Nourish Yin),"LIU WEI DI HUANG WAN (Nourish Yin)Liu Wei Di Huang Wan helps for the Yin deficiency of the kidney, liver and spleen with the symptom of weakness and soreness of the loins and the limbs, emission and sweating, impotence, burning soles or palms, lightheadedness, dizziness, and occasional ringing in the ears.",LIU_WEI_DI_HUANG_WAN_(Nourish_Yin).png
LONG DAN XIE GAN WAN (Purge Damp-Heat),"LONG DAN XIE GAN WAN (Purge Damp-Heat)It can clear excess heat from the Liver and Gallbladder and purge Damp-Heat. | It is used for Damp-Heat syndrome, symptoms include dizziness, red eyes, tinnitus, deafness, flank pain, bitter taste in the mouth, dark urine, yellow smelly morbid leucorrhoea in women. It can be also used to treat skin problem diseases like shingles, eczema and dermatitis, itchy skin rashes, psoriasis, acne, herpes simplex, vaginal itching and discharge, etc.",LONG_DAN_XIE_GAN_WAN_(Purge_Damp-Heat).png
MAI WEI DI HUANG WAN (Nourish Lung & Kidney),"MAI WEI DI HUANG WAN (Nourish Lung & Kidney)It nourishes the Kidney and Lung. It can be used for Yin deficiency of Lung and Kidney, tidal fever and night sweating, dry throat, dizziness and tinnitus, soreness and weakness of waist and knees. It can also help to enhance immune function and lower blood sugar level.",MAI_WEI_DI_HUANG_WAN_(Nourish_Lung_&_Kidney).png
MING MU DI HUANG WAN (Eye Bright),"MING MU DI HUANG WAN (Eye Bright)Ming Mu Di Huang Wan supports eye health and supports vision and restores and strengthens Kidney and Liver Yin. It is used for blurred vision and other eye discomforts, such as increased sensitivity to light, becoming teary-eyed (especially in the wind), getting tired easily.",MING_MU_DI_HUANG_WAN_(Eye_Bright).png
MU XIANG SHUN QI WAN (Reduce Bloating),"MU XIANG SHUN QI WAN (Reduce Bloating)It can move Qi and resolve dampness, strengthen the Spleen and harmonize the Stomach. It is used to treat Pi symptoms in the chest, abdominal distention and ache, vomiting and nausea, belching and poor appetite, which are caused by dampness accumulation in the Middle Jiao and disharmony between the Spleen and Stomach.",MU_XIANG_SHUN_QI_WAN_(Reduce_Bloating).png
PIAN TOU TONG WAN (Migraine Pill),PIAN TOU TONG WAN (Migraine Pill)Pian Tou Tong Wan is a herbal formula helps to expel Wind and supports normal head comfort. It is used for migraine and headache. It can also helps for joint pain.,PIAN_TOU_TONG_WAN_(Migraine_Pill).png
QI JU DI HUANG WAN (Nourish Yin & Eye),"QI JU DI HUANG WAN (Nourish Yin & Eye)It nourishes Liver Yin and Blood, nourishes Kidney Yin, benefits the eyes. It is used for dry eyes with diminished vision, tearing with exposure to wind, photophobia, eye pain.",QI_JU_DI_HUANG_WAN_(Nourish_Yin_&_Eye).png
QIAN LIE SHU WAN (Prostate Health),"QIAN LIE SHU WAN (Prostate Health)It tonifies the Kidneys and supports prostate and urinary health, clears deficiency heat, drains dampness and promotes urination. It can be used for chronic prostatitis, benign prostatic hyperplasia and rehabilitation after prostate chemoradiation. It can also be used for middle-aged and elderly prostate health care.",QIAN_LIE_SHU_WAN_(Prostate_Health).png
QING QI HUA TAN WAN (Phlegm Clear),"QING QI HUA TAN WAN (Phlegm Clear)It clears heat from the lung and dissolves phlegm, direct Qi downward and calm the respiratory tract. It is used for clearing phlegm and supporting respiratory health, for cases that the tongue is red with a greasy and yellow coating. The pulse is rapid and slippery.",QING_QI_HUA_TAN_WAN_(Phlegm_Clear).png
QING RE AN CHUANG WAN (Acne & Boil),"QING RE AN CHUANG WAN (Acne & Boil)It can clear heat and detoxify, cool blood and remove stasis, purge fire and move bowels. It is used for treating acne, boil, furuncle, etc.",QING_RE_AN_CHUANG_WAN_(Acne_&_Boil).png
SHAO FU ZHU YU WAN (Abdominal Stasis),"SHAO FU ZHU YU WAN (Abdominal Stasis)It circulation and Qi flow to resolve blood stasis. It is for warming the uterus, expelling the source of external cold, and promoting blood. It removes blood stasis in the lower abdomen and warms menses, and also helps to support the normal uterus function and promote female reproductive health.",SHAO_FU_ZHU_YU_WAN_(Abdominal_Stasis).png
SHEN JING SHUAI RUO WAN (Brain Tonic Pills),"SHEN JING SHUAI RUO WAN (Brain Tonic Pills)This formula can tonify the Kidney and essence, reinforce intelligence and calm mind. It is used for impaired concentration, dizziness, insomnia, dreaminess, upset, tiredness and faintness.",SHEN_JING_SHUAI_RUO_WAN_(Brain_Tonic_Pills).png
SHEN LING BAI ZHU WAN (Consolidate Digestion),"SHEN LING BAI ZHU WAN (Consolidate Digestion)It helps to tonify Spleen and Stomach, enhance Lung Qi. It is used for Spleen and Stomach Qi Deficiency, poor appetite, diarrhea, short breath and cough, weak extremities and fatigue. Chronic Fatigue Syndrome, Diarrhea, HIV / AIDS, Indigestion, Irritable Bowel Syndrome, Vaginal Discharge.",SHEN_LING_BAI_ZHU_WAN_(Consolidate_Digestion).png
SHENG MAI WAN (Generate Pulse),"SHENG MAI WAN (Generate Pulse)It can tonify Qi, nourish Yin and generate body fluid. It is used for Qi and Yin deficiency, palpitation, short breath and spontaneous sweating. It can also support physical power, and suit for exercising and physical activities.",SHENG_MAI_WAN_(Generate_Pulse).png
SHOU WU WAN ( Fo Ti Hair Tonic),"SHOU WU WAN ( Fo Ti Hair Tonic)He Shou Wu may support hair growth, support hair original color, and support bones and muscles associated with aging. This formulation is used to further enhance the action of He Shou Wu. It can nourish Liver and Kidney, strengthen the bones and muscle, and maintain hair original color.",SHOU_WU_WAN_(_Fo_Ti_Hair_Tonic).png
SI JUN ZI WAN (Four Gentlemen),"SI JUN ZI WAN (Four Gentlemen)It can tonify Qi and Spleen. It is used for Qi Deficiency in Stomach and Spleen, symptoms include sallow complexion, weak voice, short breath and fatigue, poor appetite and loose stool, pale tongue, week pulse. It can treat chronic gastritis and peptic ulcer.",SI_JUN_ZI_WAN_(Four_Gentlemen).png
SI MIAO WAN (Clear Dampness),"SI MIAO WAN (Clear Dampness)It clears Heat and eliminates Dampness, helps to regulate blood flow in the lower extremities, metabolize fluids and support normal joint function. It is used for damp-heat in lower body, such as stiff joints, weak limbs, tendon and bone pain, eczema. It can be used for acute polyneuritis, rheumatoid arthritis and vagina infection.",SI_MIAO_WAN_(Clear_Dampness).png
SI WU TANG WAN (Nourish Blood),"SI WU TANG WAN (Nourish Blood)Si Wu Tang has the effect of nourishing Blood and regulating menstruation. It is widely used in Blood Deficiency and Blood Stasis Syndromes. It is used for anemia, hypermenorrhea, irregular menstruation, postnatal uterine bleeding, dysmenorrhoea, amenorrhoea, chronic headache and migraine.",SI_WU_TANG_WAN_(Nourish_Blood).png
TAO HONG SI WU WAN (Blood Deficiency & Stagnation),"TAO HONG SI WU WAN (Blood Deficiency & Stagnation)It tonifies and invigorates the blood, regulates blood circulation, breaks up blood stagnation, regulates menstruation, alleviates pain. It can be used for inflammation, hyperlipidemia, anemia, fatigue, weak immunity, infertility, postpartum weakness, dysmenorrhea, amenorrhea, irregular menstruation, infertility, dermatitis, eczema, acne, fibrocystic breast disease, insomnia, etc.",TAO_HONG_SI_WU_WAN_(Blood_Deficiency_&_Stagnation).png
TE XIAO BI MIN GAN WAN (Nasal Allergy),"TE XIAO BI MIN GAN WAN (Nasal Allergy)Nasal Allergy is specially formulated for supporting clear and healthy nasal passages. It disperses Wind and expels toxins. The herbs in this special formula dissolve phlegm, clear discharge and support healthy nasal and sinus passages.",TE_XIAO_BI_MIN_GAN_WAN_(Nasal_Allergy).png
TE XIAO JING ZHUI TONG WAN (Neck Relief),"TE XIAO JING ZHUI TONG WAN (Neck Relief)It helps to improve Qi (energy) flow, relax muscles and tendons and activate the energy channels (meridians). It is used to support the muscles and tendons around the neck, relief neck pain.",TE_XIAO_JING_ZHUI_TONG_WAN_(Neck_Relief).png
TIAN MA GOU TENG WAN (Liver Wind Clear),"TIAN MA GOU TENG WAN (Liver Wind Clear)It calms the liver and extinguishes wind. It alleviates symptoms associated with internal liver wind. It can be used for dizziness, hypertension, headache, eyelid twitch, vertigo, stroke, neurasthenia, paresthesia, parkinson's disease, alzheimer's disease, stress, palpitations, facial paralysis, eye pain, puerperal eclampsia, hemiplegia, trigeminal neuralgia, apoplexy, migraine, insomnia, meniere’s disease, facial spasms, etc.",TIAN_MA_GOU_TENG_WAN_(Liver_Wind_Clear).png
TIAN WANG BU XIN WAN (Nourish Heart Yin),"TIAN WANG BU XIN WAN (Nourish Heart Yin)It helps for nourishing Yin and blood, and tonifying the heart to tranquilize the mind. It is used to replenish the Blood and Yin, and support Heart functions. It calms the mind and supports a restful sleep. It may be used to support a normal heart function, support a more restful sleep, and support mental calmness.",TIAN_WANG_BU_XIN_WAN_(Nourish_Heart_Yin).png
TIAO JING CU YUN WAN (Fertility Aid),"TIAO JING CU YUN WAN (Fertility Aid)It warms the kidney and invigorate the spleen, and regulate menstruation. It is used for infertility,  irregular menstruation, dysmenorrhea, amenorrhea and sterility caused by yang deficiency in the spleen and kidney and stagnation of blood, with manifestations of delayed menstrual periods, scanty menstrual blood with clots, cold pain in the lower abdomen.",TIAO_JING_CU_YUN_WAN_(Fertility_Aid).png
TONG JING WAN (Period Pain Pills),"TONG JING WAN (Period Pain Pills)It can warm channels and expel cold, invigorate blood circulation and remove stasis. It is used for period pain and support a smooth menstruation.",TONG_JING_WAN_(Period_Pain_Pills).png
WEN JING WAN (Warm Mense),"WEN JING WAN (Warm Mense)It can promote blood circulation and remove blood stasis, warm and unblock meridians, regulate Qi and relieve pain. It is used for period pain and irregular menstruation with Cold syndrome. Symptoms include pale complexion, fatigue, low energy, dry mouth and rough skin.",WEN_JING_WAN_(Warm_Mense).png
WU JI BAI FENG WAN (Lady's Tonic),"WU JI BAI FENG WAN (Lady's Tonic)It replenishes the body's Qi, nourishes the blood, and supports the normal menstrual cycle. It is the most popular herbal supplement used by women in China to maintain overall health. It helps for weak constitution, fatigue, irregular menstruation, weak waist and knees, leucorrhea, etc.",WU_JI_BAI_FENG_WAN_(Lady's_Tonic).png
WU LING WAN (Edema Relief),"WU LING WAN (Edema Relief)It can clear dampness and promote diuresis. It is used for stagnated fluid syndrome. It can be used for acute and chronic nephritis, edema, ascites due to cirrhosis, cardiac edema, acute enteritis, retention of urine, hydrocephalus, etc.",WU_LING_WAN_(Edema_Relief).png
WU ZI YAN ZONG WAN (Men's Fertility),"WU ZI YAN ZONG WAN (Men's Fertility)Wu Zi Yan Zong Wan is indicated in China Pharmacopoeia1 for tonifying the kidney and nourishing Jing. It is suitable for use in the case of the kidney deficiency presented with lower back weakness, dribbling in urination, nocturnal emission, and poor male performance.",WU_ZI_YAN_ZONG_WAN_(Men's_Fertility).png
XIANG SHA LIU JUN WAN (Stomach Harmonize),"XIANG SHA LIU JUN WAN (Stomach Harmonize)It can strengthen the Spleen, harmonize the Stomach, and tonify Qi. It is used for Spleen and Stomach Qi deficiency with damp-cold stagnation affecting the middle jiao (middle burner). Signs and symptoms may include reduced appetite, abdominal fullness, bloating after eating, feeling of going to throw up, or loose stool.",XIANG_SHA_LIU_JUN_WAN_(Stomach_Harmonize).png
XIANG SHA YANG WEI WAN (Stomach Tonic),"XIANG SHA YANG WEI WAN (Stomach Tonic)Xiang Sha Yang Wei Wan warms the Middle Energizer to harmonize the Stomach. | It is for warming Stomach and regulating Stomach Qi | It improves the functionality of the digestive system. | It can be used for acid reflux, fullness in stomach, indigestion, nausea, pain in the epigastrium, poor appetite, stomachache, etc. | Indications include stomach-ache, distension after eating, poor appetite, loose stools and fatigue, uncomfortable fullness, noisy discomfort etc. caused by inadequate Stomach Yang, Dampness and Stagnation of Qi.",XIANG_SHA_YANG_WEI_WAN_(Stomach_Tonic).png
XIAO CHAI HU TANG WAN (Shaoyang Harmonize),"XIAO CHAI HU TANG WAN (Shaoyang Harmonize)This product is used for ShaoYang pattern, with symptoms include a feeling of both chills and heat, a feeling of rib-sides fullness, a bitter taste in the mouth, reduced appetite, and short temper.",XIAO_CHAI_HU_TANG_WAN_(Shaoyang_Harmonize).png
XIAO HUO LUO WAN (Unblock Meridian),"XIAO HUO LUO WAN (Unblock Meridian)It invigorates the blood, unblocks the channels, dispels wind and dampness and transforms phlegm to relieve numbness and discomfort. It can be used for windstroke, Osteoarthritis, Peripheral nerve disorders, Sciatica, Hemiplegia, Arthralgia, Hemilateral sweating, Rheumatoid arthritis, Soft tissue injuries, Post stroke sequelae, Weakness, Paralysis, Unilateral pain, etc.",XIAO_HUO_LUO_WAN_(Unblock_Meridian).png
XIAO YAO WAN (Ease Life),"XIAO YAO WAN (Ease Life)It nourishes the Liver and smooth Liver Qi. It is used for irregular, late or lack of menstruation, premenstrual tension, PMS, infertility, low libido and many other diseases including depression. It can also be used for chronic hepatitis, liver cirrhosis and other syndromes.",XIAO_YAO_WAN_(Ease_Life).png
XUE FU ZHU YU WAN (Blood Stasis),"XUE FU ZHU YU WAN (Blood Stasis)It helps for promoting Blood circulation and removing Blood Stasis, moving Qi and relieving pain. It was originally intended to treat cardiovascular system disorders. Now it is widely used in various Blood Stagnation disorders, symptoms include chest pain, headache, localize sharp pain, hiccup retching, annoyed, palpitation, insomnia, etc.",XUE_FU_ZHU_YU_WAN_(Blood_Stasis).png
YANG XUE SHENG FA WAN (Hair Grow Pills),"YANG XUE SHENG FA WAN (Hair Grow Pills)It can nourish the Blood, expel Wind, tonify Kidney and replenish Essence. It is used for hair loss due to deficiency of blood and kidney essence, symptoms include loose hair root or sparse hair loss, dry or greasy hair, scalp iching, alopecia areata, and hair loss after illness or delivery, etc.",YANG_XUE_SHENG_FA_WAN_(Hair_Grow_Pills).png
YOU GUI WAN (Tonify Kidney Yang),"YOU GUI WAN (Tonify Kidney Yang)It can warm and tonify Kidney Yang, replenish sperm and stop  spermatorrhea. It is used for Kidney Yang deficiency, Life-gate fire deficiency, symptoms include cold and sore in waist and knee, lassitude, fear of cold, impotence and spermatorrhea, thin sloppy stool, frequent micturition.",No Image Found
YU PING FENG WAN (Protective Screen),"YU PING FENG WAN (Protective Screen)It can tonify Qi (vital energy), consolidate the body's external surface, and stop perspiration. It is used for weak external body, spontaneous sweating, susceptibility to Wind evils, , and pale complexion.  It helps reinforcing the body's surface and strengthening the defensive Qi. It may support the immune function.",YU_PING_FENG_WAN_(Protective_Screen).png
ZHEN ZHU AN CHUANG WAN (Pearl Skin),"ZHEN ZHU AN CHUANG WAN (Pearl Skin)It is suitable for a range of skin issues that manifest in itching, redness. The redness is related to heat, and the tendency to present with a greasy complexion and pustules is associated with dampness. It deals with the root cause by clearing heat and eliminating dampness from the skin.",ZHEN_ZHU_AN_CHUANG_WAN_(Pearl_Skin).png
ZHI BAI DI HUANG WAN (Yin Deficiency & Heat),"ZHI BAI DI HUANG WAN (Yin Deficiency & Heat)It nourishes Yin and clears heat. It is used for Yin deficiency with heat, hot flashes and night sweat, dry mouth and thirsty, scanty dark urine. It can be used for menopause-associated night sweats or hot flashes.",ZHI_BAI_DI_HUANG_WAN_(Yin_Deficiency_&_Heat).png
ZHI KE DING CHUAN WAN (Wheeze & Cough),"ZHI KE DING CHUAN WAN (Wheeze & Cough)It disseminates Lung Qi and relieves cough, clears Heat Phlegm and replenishes Lung and Spleen. It is suitable for chronic cough, bronchitis and asthma, accompanied by the symptoms of thick yellow phlegm, chest tightness and shortness of breath.",ZHI_KE_DING_CHUAN_WAN_(Wheeze_&_Cough).png
ZHI YANG WAN (Anti Itching),"ZHI YANG WAN (Anti Itching)It can moisten skin and stop itching. It can be used for itch skin, neurodermatitis, seborrheic dermatitis, eczema, etc.",ZHI_YANG_WAN_(Anti_Itching).png
ZHUANG YANG WAN (Tonify Yang),"ZHUANG YANG WAN (Tonify Yang)It can tonify Yang energy and support male vitality. It is used for deficiency of the Kidney Yang, symptoms include low-back and knee weakness, cold limbs, impotency and premature ejaculation. It also supports Yin energy and promotes the general wellbeing.",ZHUANG_YANG_WAN_(Tonify_Yang).png
ZHUANG YAO JIAN SHEN WAN (Strengthen Waist),"ZHUANG YAO JIAN SHEN WAN (Strengthen Waist)It nourishes the Kidneys, strengthens the muscles and strengthens the bones. It is used for chronic waist, leg or joint pain caused by a Deficiency of Kidney Qi. It is commonly seen in elderly people who are weak and have pain in the waist, legs and shoulders, senile lumbocrural pain, and it’s also used for osteoporosis.",No Image Found
ZUO GU SHEN JING TONG WAN (Sciatic Pain),"ZUO GU SHEN JING TONG WAN (Sciatic Pain)It is specifically formulated to support sciatic nerve function. | It works by dredging the meridians and removing obstructions from the channels while relaxing the tendons and muscles, strengthening the bones and tonifying the Kidneys. It also dispels cold and damp.",ZUO_GU_SHEN_JING_TONG_WAN_(Sciatic_Pain).png
ZUO GUI WAN (Nourish Kidney Yin),"ZUO GUI WAN (Nourish Kidney Yin)It can nourish Yin and tonify Kidney. It is used for Kidney Yin deficiency, symptoms include weakness of the loins and the knees, tidal fever, night sweating, lassitude, dry mouth. It can also support sexual wellness and promote female reproduction.",No Image Found
