Title,Description,Image URL
ANI-CANCER TEA,"Ingredients: Akebia Fruit, Oldenlandia, Chinese Lobelia, Licorice, Olong Tea, Cape Jasmine Fruit, Green Tea.",https://lh3.googleusercontent.com/sitesv/AA5AbUBEBsNHsjNk4e7ekozjOKfklsceITLwSQ-0k4U0iqqJjwrZF06Hk-OI5BGuPcuLy3pWd_abSpYnZCyKyVixxWwvAhRrq4B0xL9Gmqdi5Xck1XChq_FOBfIxrgXHf7jIxljLjxgOHk4eHF3EmpYDv-Io_Qlj0j6obhXQh8C6JR70onj3XZNmkDDmD0hia3ywrxSwt-xw5lMjJ2ubIadxZntfnqmTDxziRTCNFJs=w1280
ANTI-STRESS SLEEPING TEA,"Ingredients: Ganoderma lucidum, Tuber Fleece flower Stem, Blighted Wheat, Red Dates, Licorice, Glossy Privet Fruit. | Health Benefits: Calm spirit and anti-insomnia. Suitable for people with mental stress and difficulties to fall asleep. | Directions for use: Take one bag each time, 1 or 2 times per day.",https://lh3.googleusercontent.com/sitesv/AA5AbUDA0iGCmvY_0kJaGfvnlRIQ5329ZalpXU_2j7nkzozjldHRDbJTpCj2wleAshtXetm1sNrcxL_8T2a4sThKVlBto3jObL71d9tTyftp4eV0GsPKHLiL1eW20YWgByOVINR3_Xum2tcEs1vsvmnMcSO3GPL_O0ghWwer4R8mi-eXmb-3Hgoqtrs1Fwepo_nu4B9i38Uw9sXv57DPy70WY6Gy9R_dUbYWcZKT=w1280
ANTI-VIRUS TEA,"Ingredients: Honeysuckle Flower, Dandelion, Isatidis Root, Astragalus Root, Reed Rhizome, Licorice, Green Tea.",https://lh3.googleusercontent.com/sitesv/AA5AbUD9lYp01SdoUPuGBqHKebS_7QO5ThDNRRuGpBVoQcH9tNZLMh4pHwd5G-QOmj1QWj1t8ier64O6KVBBV1ko-IcYtQmiw6JthKhMnX8R0FuwJvHkelYBRRemc8187jsFYhUEwv75MtqKwh2d1vOeCTHPGXyUsWE32QoQ53QDg6FqGS5vxfkIa56Hs9CMHyeqNzJAhRdvlf-GuHbk7dp8n997fJXRShDJmjUfnsc=w1280
BALSAM PEAR TEA (BITTER MELON TEA),"Balsam Pear, also known as Bitter Melon or Bitter Gourd, is a herb and vegetable/fruit that is traditionally used for various illnesses. It helps to clear heat, nourish eyes, reduce bad breath, detoxify, lower blood sugar, control weight and anti-cancer. | Bitter melon has long been used by indigenous populations around the world to help treat diabetes-related conditions  Bitter melon contains a chemical that acts like insulin to help reduce blood sugar levels. | Research suggests that bitter melon contains certain compounds with cancer-fighting properties. | Several animal studies found that bitter melon may decrease cholesterol levels to support overall heart health. | Bitter melon makes an excellent addition to a weight loss diet, as it’s low in calories yet high in fiber.",https://lh3.googleusercontent.com/sitesv/AA5AbUCOQqpZCJ3EIR1XCFpLxdVyEKH7JOPiRyZyMaQM1HTOmgyJQ2Q93VKAwWFPrvLk7KtQeX-1Nz10ey52Ke3P1emSCUt74KmZrMn_gIP9lMN4pxSHv6OCYZnIbClwkN5kaxGZfBrA9SdGCdihpB-nuav003dsZ8dCTTQTyecghkn3x6fxfSBT8CxnouyC1rKXypThW3sv1w1GKTo9UITqty21iEM4iT58A85-Lio=w1280
BARLEY GRASS JUICE,"Barley grass is a source of potassium, dietary fiber, vitamin A, vitamin B1, B2, B3, B6, vitamin C, vitamin E (alpha tocopherol), vitamin K, thiamin, riboflavin, niacin,  pantothenic acid, iron, zinc, copper, manganese and selenium. It helps to maintain heathy body by strengthening of immune system, cleansing and detoxification of the body, protection from radiation and cellular damage, etc. | INGREDIENTS: Young Barley Grass. | INSTRUCTIONS: | Take one sachet each time, before or after meal, 1 or 2 times per day. | For the perfect barley grass juice: | 1. Empty one sachet of barley grass powder in to a cup. | 2. Add 150-200 ml of warm water (50°C) and stir well. | ------------------------------------------------------------- | Barley is a type of grain that’s considered the fourth most important cereal crop around the globe. Also known as barley leaves and barley greens, barley grass is the leaf of the barley plant. It has been studied extensively for its beneficial health effects and is often featured in green juices and supplements. | Some studies suggest that barley grass could help you maintain healthy blood sugar levels. | Adding barley grass to your diet is a great way to support heart health. | Barley grass is low in calories but high in fiber, making it a great addition to a healthy weight loss diet.",https://lh3.googleusercontent.com/sitesv/AA5AbUDSY1B8AMMeMftwzRCMG5RDMP4o1wc5OWCLersgMf7CFhJMtTdE0flirpQx-5wbywX2KWKS-DlfGSMur0sGPAPyVQYLYIROJmrRIrusjQIfWCjLLv70U2GiHbgx7r9S-bpW8DOEJd93-JJb-30NdGyBGJyHs82l8B9WyOlRbWym6hKn_JogK5sU5hi7hueRF_rbZWg1zky2GDQ-X9y7TcxviMvKLiXk2saV0vE=w1280
BLACK TEA,"Black tea is one of the most consumed beverages in the world. It comes from the Camellia sinensis plant and is often blended with other plants for different flavors, such as Earl Grey, English breakfast or chai. | Black tea offers a variety of health benefits because it contains antioxidants and compounds that can help reduce inflammation in the body. | Black tea  can  help to reduce the risk of coronary heart disease, strengthen bone, improve osteoporosi, anti-aging, improve digestion, strengthen cardiac muscle, lower the blood pressure and blood sugar, etc. | 10 Evidence-Based Health Benefits of Black Tea | Has Antioxidant Properties. Share on Pinterest. ... | May Boost Heart Health. ... | May Lower “Bad” LDL Cholesterol. ... | May Improve Gut Health. ... | May Help Reduce Blood Pressure. ... | May Help Reduce the Risk of Stroke. ... | May Lower Blood Sugar Levels. ... | May Help Reduce the Risk of Cancer.",https://lh3.googleusercontent.com/sitesv/AA5AbUDQe8P72wGEjKyRC6xHbY_SxhkxTTNV17MjeluadIn8lIt9M09IblXgbV9vXh0C_YP3Hdfy5cW4gVKdnnWupfQEswRRSbdeXg6SyzTF4Sbb4SnLQFHXjkU3dsxnQZ0MUWyBgF2pT0UzBgxYy5Dp1RHbhdsYS08foyk9iYSJ4aLZ04fQ5lZPCaZJst93C_ED5QCEnLbwXHbDK7XwWnW25SdbbG6YFnzuxdCYbCU=w1280
BLOOD CLEANING TEA,"[Ingredients] | Rhubarb, Immature Bitter Orange, Chrysanthemum flower, Tree Peony Bark. | [Actions] | To detoxify, clean heat, promote blood circulation, remove stasis, strengthen immune system, help metabolism. | [Indications] | Used for fatigue, weak immune system, joint and muscle pain, constipation, dark urine, acne.",https://lh3.googleusercontent.com/sitesv/AA5AbUBvPZSRQEP4psV_CUiNdcfM5J1xdWWdMTiB9Frwp-Gv9rOD4WlFGBb5zVf82GgRPpbPS5_59Zfe7-QqrKesLOazEGxzEKCQP2E0AT9WGrHpsNgxOg1LbASUE3rKaDXIBlCATLzdXfSHbZ9jjggBHZNmfIlCBbEulpZSIE430O3g-wNzWGyAnj3KdwhgSvu9nYP-e8PmGI1AAJR5wL46GngR4dXz2uIR4na5wtY=w1280
BLOOD TONIC TEA,"Blood Tonic Tea is formulated with high quality herbs. These herbs are safely used as traditional medicines for many centuries, and the health benefits have been approved by modern scientific research. | Ingredients: Angelica Root, Rhizoma Chuanxiong, Radix Angelicae Dahuricae, Prepared Rehmannia Root, Red Date,Codonopsis Root, Green Tea.",https://lh3.googleusercontent.com/sitesv/AA5AbUBnjIboO69p08zr5-LrpgZJkd1Ix09QIEveJcchmZ2VlDjpF1GtnWcbFJnAowSzAuoHzABNmfbww6ExhEBKTSUHixRMqSNi7cyUjjZEwfwUKZ_sEhUdPeBViv_BoJKQcVEfRhx2bda5pUOfrSazk9--EaIKnbhBs9bzfmqjUSkiSVUIfgDX7xVPGKxEc4-fLnI46atAboyON9T201RvjN7Z97iHXNb7v13ryIo=w1280
CASSIA TEA,"SACM Cassia Tea is made from pure natural Chinese herbs, formulated by the famous specialist based on Chinese medicine theory. It is rich in vitamins and amino acid. | [Ingredients] | Cassia Seeds, Chrysanthemum Flower, Honeysuckle Flower, Green Tea. | [Actions] | To clean the liver and nourish eyes, lower cholesterol, soften blood vessel, control water retention strengthen immune system and move the bowel. | [Indications] | Used for preventing swollen, stroke, hypertension and constipation.",https://lh3.googleusercontent.com/sitesv/AA5AbUA1ommzYY4cQjcuJlV-Ab3KMKFiid_dN5gV3PhthvTPLVdXqn_nLWM58GK3Jhk6mYRGCbspsvnDOFR-4jH_TXvZk8PVkbVm1nwP8BZEXHxz9ynlVGNOPuNHG5VW6Bn8uQy46kIbgrGw1xJfU86VsSo9ueNQfWnPV8gymZFdDRnmMvNnXJfJ1iRVKhD-ZIY-DjHaTvGEBZt4DAAe7M_MYqN80xm9M7hgFzPw1QI=w1280
CHRYSANTHEMUM PLUS TEA (XIA SANG JU),"Ingredients: Chrysanthemum Flower, Selfheal Spike Flower, Mulberry leaves. | Health benefit: It helps to clear heat and detoxify, remove damp and the body, and prevent sunstroke. | Suitable for: People with exogenous heat in the body, bitter mouth, sore throat, boil or acne in the skin.",https://lh3.googleusercontent.com/sitesv/AA5AbUCOuygqAjDiLDhCPM1cRA7v68Z0uFMmBmk7eG4v1I5PbDsFhK5M4QthmWPW-_x4F5O3ldvw1ESENNHC93XhhixF3zSQ9Ia9jmLUW9VXCUl8rrOhMh3dORjVB2odlltfsalsZti56coPNwjulRIp0uj8r-EJR33eVDKf2ieUfAjy1kJabqILb43nGDlC84jMYvFaX0NewxQVuDJ09Vs8UMm0R211fIXV7sS3AzA=w1280
CONSTIPATION TEA,"SACM Constipation Tea is made from pure natural Chinese herbs, and formulated by famous specialist after many years research. It can be used for heat constipation which manifests hard and dry feces, dark and short urine, dry and bad smelling mouth or insomnia. | [Ingredients] | Cistanche, Cassia Seed, Radish Seed, Green Tea. | [Actions] | To moist intestine, relax the bowels, clean heat and detoxify. | [Indications] | To be used for constipation of Middle-aged and old man and woman.",https://lh3.googleusercontent.com/sitesv/AA5AbUDCOaJFqjVF9hAehXrrQgpufx9KDQiE4p-MZ8y2tfuwrzCejrvWjSG_XTzHc1vgVFFH33fddI4Th4BNR05V2TOMrAvFvjbCLcWmwffogQXHVSt26TQ3QuHFcWvQDvP-N0jPqnb8FJfdSVuIwGKRN5d0q6VKZgGyq9eXZPu_AJlTWyXuXAJTnUvIu3nS6rUZEnwQeYsv07o46tT9QF7E7vo_LLlYAFL5RjDbO2o=w1280
COOLING TEA,"SACM Cooling Tea is made from pure natural Chinese herbs that be selected meticulously. It works mainly for expelling heat and wind. Regularly drinking can helps to detoxfy and expell heat and prevent sunstroke and thirsty. It is also good for sore or uncomfortable throat which happened in spring and autumn. | [Ingredients] | Lotus seeds, Bamboo leaves, Chrysanthemum Flower, Dandelion, Honeysuckle Flower, Cassia Seed, etc. | [Actions] | To strengthen the immunity to upper respiratory tract desease | [Indications] | It helps for detoxifying, preventing arteriosclerosis, preventing sunstroke and relieving sore throat.",https://lh3.googleusercontent.com/sitesv/AA5AbUDSR1e50x178TR6Zrg7i4VrJ9dtF0YNGM9728hFd8k_8xb4eklUg1yle3ZGcoE9-hpk8QGLqSl8YQlre95MY0efH1b-qjIomRqpimYwHHgbhkuqzIVjH1jWqzWJ2YmVSekVyYSG97IxoNnUU1_Hp3ZGw5oxFq1JSXbMbulyAPfHg6nfReVbgtIKueahmfHNN6wOJfPaNcCfB4H-3Rc1rYgEzb-Gk6Mb0CK6v8c=w1280
COUGHING TEA,"Ingredients: Radix Pseudostellariae, Perilla Leaves, Winter Mulbery Leaf, Perillae Stem. | Health benefit: It helps to promote the dispersing function of the lung, reduce phlegm, and relieve cough and asthma. | Suitable for: Any age people.",https://lh3.googleusercontent.com/sitesv/AA5AbUAVwGU5MN64xTf1hEZPytXu0HVXLJ8f9kWgMuHFZFN06t6qtLQH9ssgYtUZDQ8e-d_B28sTAMlkZJWo1cAZcRbEsG__V-Vzsax7sZ1LpHx_Dqcfdbcm_z85SnSQ59NbSBuYj2YgBoOr7yczGaAFs6JZ7ISIz_wq3MSi1Z_thFrjOhKzmaG7hiArRLwfVEw2-c5JT14dVU41oe6CKpcrI1lOLfYtyXF0F5PIxRU=w1280
DEALCOHOLIC TEA,"Dealcoholic Tea is formulated with Chinese herbs, which help to decompose the alcohol and protect liver. It can help to reduce the side effect caused by alcohol. | [Ingredients]  Hangzhou chrysanthemum, wild Radix Puerariae, Mulberry Seed, assia Seed and Green Tea.",https://lh3.googleusercontent.com/sitesv/AA5AbUBjjg3WHZ_tOnaSfhSCLYO6MgWrT9JbOkDCvLX-HZfp3l7zEshj1kj2-Zp-gS3h7ijwuot2ziDzJUUqnoHBwN_HXsE2LHY6gTuOgqL95RrYAbH_ICvx4roMrNVthR8zzGNt90d3EBn14JWQNKw-w-mmM05SBQJi1fm54Imffy0UOXHgLOeqAqcICnpwGfa6niOb54xdJa3kiWIidFTtMSPfJPoIhOcI1AO3Sgc=w1280
DETOX TEA,"SACM Detox Tea is made from pure natural Chinese herbs, formulated by the famous specialist after many years research, which can effectively clean the toxic substance inside the body. | [Ingredients] | Pharbitis Seed, Cassia Seed, Radish Seed, Lotus Seed, Rhubarb , Senna Leaves and Green Tea. | [Actions] | To clean the intestine, detoxify and nourish the facial skin. | [Indications] | For detoxifying, cleaning heat in the intestine and stomach, reducing bad smelling in the mouth.",https://lh3.googleusercontent.com/sitesv/AA5AbUCGZJSu7jLa5N0JfXcxJQNNGkgcUXMZXtqxjkyX89szQSs3sK6feI5-XqDDBaI30b3xCSI7CDGxuFotrbtsZOxvIe9qVoIG1379RniMw8oRaJiUPQc6Y5-cvxP0nItPfIy5RSNji3R3rq1TsnRQQDm9wy1oAFR6EIKnxO7D79-jnAAC2gBaedMNxXVjWaF0RmP7wUPDVM0cnG3cIcjrhc4Y8Rj2iEEefVd2=w1280
DIGESTIVE TEA,"Ingredients: Parched Malt, Parched Hawthorn Fruit, Parched Medicated Leaven. | Health benefit: Help for digestion. | Suitable for: Any age people.",https://lh3.googleusercontent.com/sitesv/AA5AbUAzqLaeIIKf4jo6As8TqgfK40flnbQvB8JE7U1HwVS6QWvg0LILn5xldjzke9YqSdIIdEk41wPv_tGkAYcqJwu5vxdazNJgdjblCdh0zQ0gKvbnXpih3luIVdHpeo8Ximb1zJoyghMto-Me_RXq5eQwPX0Fvhj3JgkI17oL5SJu5m2dAiDbNsZYKsnpX4-c08-5hMS4msTk2c9Pv1unQP0riBhqxtnjmDZc=w1280
FEMALE INFLAMATION TEA,"Female Inflamation Tea is formulated with high quality herbs. These herbs are safely used as traditional medicines for many centuries, and the health benefits have been approved by modern scientific research. | Ingredients: Scabrous Gentian Root, Angelica Root, Amur Cork-Tree Bark, Atractylodis Rhizome, Atractylodis Lancea, Tangerine Peel, Green Tea.",https://lh3.googleusercontent.com/sitesv/AA5AbUDMU_T51XGBBgM991qWUqIktQ_MtuquwGTVHHVc47L62XAPm5WLW7lv4Co9D05AqCUlMZM3wq6vDP0_AIsmHOkudL5qds3wBfdb9rMIssWOGuOuBzYKj3bBRdsW_DnsaEgBnouux8lykYZLwE1gn0gHRoPt_3uv32QllN641i6eC5jmL--ZJuXGqlTyZBp1i4Rmlmgz2ib7n9VqvdnenTjNzM4do1kGdSJULL8=w1280
FIVE SEEDS TEA,"Ingredients: Perilla Seeds, Radish Seeds, Cassia Seeds, Raisin Tree Seeds, Muskmelon Seeds. | Health benefit: Loosen the bowels to relieve constipation, nourish skin and detoxify. | Suitable for: People with constipation, which cause bad breath, abdominal | distension, acne, pigmentation and pimples.",https://lh3.googleusercontent.com/sitesv/AA5AbUDfAAJK954zrOtynwqW99KbnHw8mvo9qG7FOosI9xFN9pVjSKszuqB4D1diHDD7YNSxwVyjkLUe3hSSzNs4DiknQVNHASnXXfTby_lV5QutFTGJ5zBNBgsb29fT9exRt5TKqK_604WiaMBEfWmu_SFU4MVqUJvsLt6MMgGlUVlUXUb7eMZAAz3hgBdUtJZQmAzvkVak_tKVvx_OrTVkKtIbMhZ1auZAAHSjZMo=w1280
ABDOMEN SLIMMING TEA,"Abdominal Slim Tea is formulated with fruits, vegetables and high quality herbs which are safely used as traditional medicines for many centuries, and the health benefits have been approved by modern scientific research. | Ingredients: Tangerine Peel, Hawthorn Fruits, Wax Gourd Rind, Fried Cassia Seeds, Rhizoma Alismatis, Radix Polygoni Multiflori, Fructus Ligustri Lucidi, Lotus Leaves, Green Tea.",https://lh3.googleusercontent.com/sitesv/AA5AbUCnDpi6L-ErodxLB8fdtWWc3A8GdHGocrfjH3YkCr5gMHrKQ_s5NgoMAfox43_-pjgFYf0CzOQZzWPuS3VBsoVJUbHQ-fRJsWcs3TV_-z4wp1ZR7AoN_VOdSV_kBXSDmQ7qtoCDy_vgAXtKNuUSArGzjnYaHLkujk-7Ev1T8LOIY4TPFe38qFXwY_X_2ILVlxjW0NoC8p2IAsjRuZi0gvK_YdepStO9sEVaiWM=w1280
GINKGO TEA,"SACM Ginkgo Tea is made from natural herbs, which rich in Ginkgetin, amino acid, protein and vitamins. It can reduce blood lipids, soften blood vessels and promote blood circulation in heart and brain vessels. | [Ingredients] | Ginkgo leaves, Cassia Seed, Green Tea. | [Actions] | To lower blood lipids, reduce cholesterol, soften blood vessels, lower blood pressure, and promote blood circulation in heart and brain, strengthen immune system. | [Indications] | For improving and preventing heart problem, stroke, brain thrombus, losing memory, concentration and Altheimers dementia.",https://lh3.googleusercontent.com/sitesv/AA5AbUBnR1gWmkXKAici5SeR_9JMak7L6bsbPEnJRNQV9p0cCE1HmUOFyWjEakyrOSujGktk6wOkWyTgUNwHRhUAzQYkIyq8tgpusXwXU8IiDV1dtqspcRSF-igBYYcmZ6mIp83Vam4strGKtZlb4brMmCGY6enq_sRa0QxYFqmiQVqHJhEMQV7L2Bx1W0VAZpDV0Cvf7mMqDLKgJt8BXqdDsbmRzQ5jC_jGg-2HoPo=w1280
GINSENG DATE TEA,"Ingredients: Ginseng Root, Astragalus Root, Wolfberry Fruit and Red Date. | Health benefit: Nourish Qi and blood, strengthen the body and enhance the immunity.Suitable for: Old weak people or people fatigued with work.",https://lh3.googleusercontent.com/sitesv/AA5AbUBMTy5lqB2Mqj_bGl745XTU2iP6WuU2Ge6_W126DNqh8xpU1jX_PPi5oOiTw_yNoaIoc3GboFnTVye5pmrxX8OpH_Ubq-8YOd2DPDMPkbWiszm9Fnm8eNYkGS5PPL_VhwsOgSG9HGHSoeSjDXNiKUhOAGgR8kuFl6B6WifAgFaW8NvnoKNjGaD5FTiX1iOC9jCOqp4Sp1lHUA7saJmLKA024iuUfRXHevZw=w1280
GINSENG TEA (SACHETS),"Honeyed Ginseng Tea is formulated with high quality ginseng, which is traditionally used forstrengthening immunity, enhancing mental and physicalfunction, improving erectile dysfunction and increasing a general sense of well-being. | [ingredients] Panax Ginseng, Radix Ophiopogonis, Cane Sugar and Honey.[Directions for use] Mix one sachet with 300-500 ml boiling water and drink warmly, 1 or 2 times daily.",https://lh3.googleusercontent.com/sitesv/AA5AbUBtMIH5ni-jn632bhTlU_sqw7eyIPfqEqs4vbbA5HtqNyxSOwRYJOmoqIZzOpLi5Kpaz4OMT_TeoHvge2wa7Ct8Uo1PodqylWubzhqOGxZ41fDxfjgEP_pOyg7n7HZ0SyzudojXKVYzI79sqCUiR9bblTwS4CXVr0VoPEVWLs-T56-bvSvW9edXqY0PSb0OASg_wzjwtDLraSsTmaoC0Swc2qNkZH54YqWn=w1280
GINSENG TEA (TEA BAGS),"SACM Ginseng Tea is made from high quality ginseng root and other natural Chinese herbs, which is formulated by the famous specialist based on Chinese medicine theory. | [Ingredients] | Ginseng Root, Milkvetch Root, Chinese Angelica. | [Actions] | To stimulate mental and physical activity, nourish blood, strengthen immune system. | [Indications] | Used for fatigue, inappetence, weak immunity, short breath, impotence, night sweat, chronic ulcer, stomach or and uterus prolapsus, and cold extremities",https://lh3.googleusercontent.com/sitesv/AA5AbUAweKP8FdlaD8jCw10l3wwPLL2Q7Nn0jwag2BOeEI2ombzr54LmK2ffG7ogNS7OIgomj2mU2jO0yegQayrBYTeiMPr2x9g_ba9p0EUkXU5xk9xReixZWo6IK5o8TTD_SP_AY02ZC7PqDDvD7seqesXTwi95oIxTgi8uTSKPli3QzNA5Kkba1YX_4DfUdTQYB5K2RbuyCfU2PRu8k-Ug0jFqisAqsw25wQl2=w1280
GREEN TEA,"Green tea has been used as a medicine in China for at least 4,000 years. Scientific research has provided hard evidence for the health benefits associated with drinking green tea. Drinking green tea reduces the risk of esophageal cancer in men and women by nearly sixty percent, inhibits the growth of cancer cells,lowers cholesterol levels, as well as improving the ratio of good (HDL) cholesterol to bad (LDL) cholesterol, etc. | Here are just a few medical conditions in which drinking green tea is helpful: | •cancer | •rheumatoid arthritis | •high cholesterol levels | •cariovascular disease | •infection | •impaired immune function",https://lh3.googleusercontent.com/sitesv/AA5AbUCJuNbqvpIXsCND4L6n5CEpK3HNXTkK3YAVoFSKayUnj32_MQym7qfRML97ZmpA4_i5UDOhb-CXgKB7IvhtDc2YPHkN0gkRMkTbK6LlqTGFgeJVN4SyiTgXK5A2JiwW5K3kaXVY3qATPAzZdzcrhXcJmaTvoHqd5OGaX3AUrUWuPYyKI3fAnzmVmgOl5GuwScJEefYe294IcIZ17X1JZ_WQwfgRZADdkpHb=w1280
GUAVA TEA,"Guava Tea is formulated with high quality herbs. These herbs are safely used as traditional medicines for many centuries, and the health benefits have been approved by modern scientific research. | Ingredients: Guava Leaf, Bitter Gourd, Ophiopogon Tuber, Green Tea.",https://lh3.googleusercontent.com/sitesv/AA5AbUAH0PvHjTNCFEvCeXXjvxqogq1CQDewYrtU6m7iE98RI4KrgEsRpD9xIxCJ4Zu98NP9rVPNFhwAFbpgdXRFMduWyUDO58gvq6tIDB8H5bHs8uZaA5UzJjDUy9oUfH5ys4FgzL_bg-Opn4FMucBiVnG4o58EoYER7POMznKh_XvIr70N5d8fgSDDO5IX-YnF-MFZS0cIIjI-kpWe33BJxA1N2BvXLaekA0h_vko=w1280
GYNOSTEMMA TEA,"Gynostemma pentaphyllum’s content is 3 times as ginseng. It helps for lowering the lipid peroxide, increasing the myocardial antioxidant enzymes, protect cardiac muscle, reduce the forming and developing of the arteriosclerosis plaque. | [Ingredients] Gynostemma Pentaphyllum.",https://lh3.googleusercontent.com/sitesv/AA5AbUBWZKkWSrzM2yzxjJn-mht8Z2Q-I6rCiwTXfke2pUskkgCfUCJrcUct8tIMynHNmA85sQWDtlmM-gUuvKxngdZJ7y-m2-lMn7PgrSqCWrsy_okNTjPpnYSaUsCmQ8DT2ikOM23VARhOWl7zb6doMsULRItkfMaqmZawo5trd-2XYDXeBfPLk_pDXPhZOJ67EKlHxolgrSloklsLugCYazUBPhMm--aE4IjT_w0=w1280
HEART CARE TEA,"Heart Care Tea is formulated with high quality herbs. These herbs are safely used as traditional medicines for many centuries, and the health benefits have been approved by modern scientific research. | Ingredients: Salvia Miltiorrhiza, Panax Ginseng, Panax Notoginseng Flower, Rhizoma Chuanxiong, Green Tea.",https://lh3.googleusercontent.com/sitesv/AA5AbUBvU1Zb5R-FmilSHip7AD_d4zjbqPIv4txIkdY4yQkm1QKSnHNLu0som9zbRRToMxcbAx0hu4jiq5ufhiS9uDdt_-MdzHcX-VpIQgjlzcvgPdILclktu_1_UEgY6-1cHAPCqsz4LTbnT8Z8wcH41pwvQeHPSdzGOY7yM7GgpDoJHxDmmoDG1qpz8NhARijkWelmNRpVhWcLOf7_NDFGk9p25W5MCDaSYADipho=w1280
HYPERTENSION TEA,"SACM Hypertension Tea is a kind of Chinese herbal tea, which is made from high quality Chinese herbs, formulated with high technology, under the direction of Chinese Medicine theory. | It is effective for lowering the level of Serum NE and 5-HT，reducing the blood Lipids, hindering fat-absorbing in the intestine and fat-synthesis in the liver, inhibiting the cholesterol accumulation in blood vessel. The effect is obvious and long lasting. So it is a good product for old people for lowering blood pressure and lipids. | [Ingredients] | Cassia Seed, Hawthorn Fruit, Lotus leaves, Chrysanthemum Flower, Green Tea. | [Actions] | To lower blood pressure, lower Cholesterol. | [Indications] | To be used for hypertension of middle-aged and old people.",https://lh3.googleusercontent.com/sitesv/AA5AbUBUBHozCbxpE4k3fc44_hi-I5hl2fKzFSom1U_F6B6NCVlPb1TORZ21cOj4WN5DoCIyZasXkLTE0n2LZ-XinFYyU9fz8HAtplJvDYl4_ParLj0AuK2aVSncdh8_8DVn6miaTk6LgHy0cFhuRNz12AOQzxg1g-GeYcL2amsrAvhrN2A7_0ssNV0uxjtlBHQFBWdXw81-svWyA9fcf_5mWGmlXL5HCbYKOTYl7Ds=w1280
JOINT CARE TEA,"Joint Care Tea is formulated with high quality herbs. These herbs are safely used as traditional medicines for many centuries, and the health benefits have been approved by modern scientific research. | Ingredients: Rhizoma Cibotii, Acanthopanacis Root Bark, Radix Millettiae Speciosae, Flemingia prostrata,  Scurf Pea Berry,   Fennel Fruit, Salted Eucommia Bark, Green Tea.",https://lh3.googleusercontent.com/sitesv/AA5AbUDydm15oaXp9mPuZT738Q2gGm0V_77P4sNhZfXidi2Z8FR_ePzxCL9_t2UqiFoYpY7g_KGk2TdJA2VH9NPgAdAG3zWG-ey1APlUp3JtKmrPq1CuOIkGbM4C0P6ppQ80q9_Bltr8_p5D1XOnQOj-aXZRur066hftf31wr6qLTfLoLfQ9ZkTjkF1uBFXRf7IK_6fH9KJjr0IPgbphncevtBSH3N_1dt7WLNOT=w1280
KIDNEY CARE TEA,"Kidney Care Tea is formulated with high quality herbs. These herbs are safely used as traditional medicines for many centuries, and the health benefits have been approved by modern scientific research. | Ingredients: Morinda Root, Cistanche, Salted Eucommia Bark, Psoraliae Fruit, Epimedium,  Cinnamon Bark, Fried Ginger, Green Tea.",https://lh3.googleusercontent.com/sitesv/AA5AbUAfjpqJFm5pL-xPAenZkMbO7vIfyjBvGCmnC7Jm_KFMfj2jUL0YSz9_pf8zjPWZrDASr2E7X2yfNxCvFfQcygj-C4GLCtW9kJ7UEUyAio9tLD-d5FNPQrrDixoZI3W6OQJg-AEpxT5tgEKHE4eEg4iiPaJvpaSR-I3_BQRaXcbZrWKOwJ3FsPTOGoz-WOIffLR9R0q3bWB5QF0WRFUkz44JAwdZcZ2ZaSDwA0s=w1280
KUDING TEA,"SACM Kuding Tea is a particularly bitter-tasting Chinese tisane. The traditional medicinal properties associated with Kuding tea are to disperse wind-heat, clear the head and the eyes, and resolve toxin, thus being used for common cold, rhinitis, itching eyes, red eyes, and headache. It is also said to calm fidgets and alleviate thirst, especially when one is suffering from fever or severe diarrhea. It transforms phlegm and alleviates coughing, thus used in treating bronchitis. It is also recorded to invigorate digestion and improve mental focus and memory. Modern research suggests that it can promote blood circulation, lowers blood pressure, and lowers blood lipids, including cholesterol. It has the reputation of preventing deterioration of the heart and brain function and maintaining proper body weight. It has also been found that Ku Ding tea has similar anti-oxidative effects to tea in addition to additional anti-inflammatory properties. | [Ingredient] Broadleaf Holly Leaf. | [Actions] To promote blood circulation, lower blood pressure, and lower blood lipids, including cholesterol, disperse wind-heat, clear the head and the eyes, and resolve toxin, calm fidgets and alleviate thirst, transforms phlegm and alleviates coughing, invigorate digestion and improve mental focus and memory, maintaining proper body weight. | [Indications] It used for preventing deterioration of the heart and brain function and maintaining proper body weight, common cold, rhinitis, itching eyes, red eyes, and headache, diarrhea, bronchitis",https://lh3.googleusercontent.com/sitesv/AA5AbUAgIMIQRdrUMuoVtmmrN4kIXyN7nFuH4srQCDB2NtPVTAoCF3HxmQ3Zfa8tPC06KjgSM-ZMglcpI3e2oDOsGD4Yt3sCK7SFrmC_mpg2K9hZLMjCkB9VTHR4NbBrmkUX-lJ-G8hKZ6-kcPLLLkYghsxOAJAJ3dPpMrbdZaIJMKAuW_fhAa4Rnh8NO2-RetztTf8qISMT9_n3ojDDRSzsSP_PRuPHUpgjEdftulY=w1280
LIBIDO UP TEA,"Libido Up Tea is formulated with high quality herbs. These herbs are safely used as traditional medicines for many centuries, and the health benefits have been approved by modern scientific research. | Ingredients: Salt Fried Chive Seed, Psoraliae Fruit, Complanate Astragalus Seed, Rosa Laevigata, Salted Fenugreek Seed, Chinese Dodder Seeds, Alpinia Fruit, Green Tea.",https://lh3.googleusercontent.com/sitesv/AA5AbUD6u9EVQHVB3qMQJphOd5tWEzPxUh7h5-DkiX6nVQiEPLqH4LIcvvLs9v8vucQG7y3xFC_jGx6gKEe8tzqmu5WXSRfYbRH96dHC_9GMS3tALLd4N0gij9e0JJpcXC4o2yOrJw0DHeYfsPZrVNHiU4-K0nt76GY_JrpiCOfX2GrMLIY_WKONTxkl4CcijwjaCnPrVfKPNCpywJJnhr5v7PGpn6N4F-yRH85o5YE=w1280
LIVER CARE TEA,"[Main Ingredients] Chinese Date, Oriental Wormwood, Green Tea. | [Actions] Clean the liver heat, dispel stagnation. | [Indications] For woman and man, old and yang people to protect and strengthen the liver. Drinking regularly can prevent hepatitis.",https://lh3.googleusercontent.com/sitesv/AA5AbUD5fGJIEgqzqGO2hkH_GBHYKDqoSSev1wTR1jINHSFj1yEUgg6Olhj12xvGxD6MBE1h6WvMG5ewvxP4nX8ooDSEzLhYw8pxIqP-evRgYAgckDHgmD048IUzX-zVM94k7E-hD8a8Dm3S3p8eYITc_Af80Vg_SrCZav7vmlU3DW-1w_gtOYJ48PdZJ67FYCTEeJyhzdi6hUiq44C0KYANSGbcPo8KeFmCpYfS=w1280
LUNG CLEANING TEA,"SACM Lung Cleaning Tea is formulated with high quality herbs, which are commonly used for clean the lung and throat in Chinese medicine theory. It is effective for clean heat and phlegm in lung and throat. | [Ingredients] | Bamboo leaves, Loquat Leaves, Honeysuckle Flower, Reed Rhizome, Platycodon Root, and Green Tea. | [Actions] To clean heat in the lung, reduce phlegm, stop coughing, help produce saliva and slake thirst. | [Indications] For lung heat, phlegm, cough and dysphoria.",https://lh3.googleusercontent.com/sitesv/AA5AbUBN3TVziRjr_u6khpJBwo-7VaiCk9PCLERtqrMlG3IuYasTklZrsPmKoWNhJ8F6O0QTLeNqbdKrQ8VT9ncZaE0kEiAFrKEro-fyG7i-a7u1bzjoPQyzEVXYUMd0UAK6AnWOczGX8dRH4f2FYGzRik_wYWNIES3g-RVyfUVTNUuVl2Wc4mb62nlGLd5eeNzsZG7ATFsnnxfPJgSTX9bi2y6Gs2ijyWvbgcJFXSk=w1280
MENOPAUSE TEA,"Menopause Tea is used as an estroven balancing herbal blend to help reduce stress, irritability and improve mental clarity. | Ingredients: Angelica Root, Anemarrhena Rhizome, Baical Skullcap Root, White Peony Root, Bupleurum Root, Radix Ophiopogonis, Green Tea.",https://lh3.googleusercontent.com/sitesv/AA5AbUBso6dcOfOPSI25hKNJtk741tVK9egeZ2T4P4LruoCU9-KUSBu71rcsFhu-tjgBf7IWPhJtSh4uunbC8uqOPxyWKFM1VlEgiAaEk08hpwlvxYzWDn-Nlh07-xuVeef6Kt_9xahpHoT6HLmQqEC1UsSG7C6WcjBzXcf7KsPzL_fR7jTVl7mQI2ytYuHADMTh-p-F-CM-1A7TTp-XK0b9zvSeTgS9Zu16f1aX=w1280
MENSTRUATION REGULATING TEA,"[Main Ingredients] Rose, rosa chinensis， Angelica Root, Chuanxiong, Motherwort,  Jasmine Tea. | [Actions] To regulate menstruation, promote blood circulation and relief pain. | [Indications] For menoxenia, dysmenorrhea and hypomenorrhea.",https://lh3.googleusercontent.com/sitesv/AA5AbUAbbKMguObHsFkbhHpVWEqUJaWbxKynqqoa4IYMZA0bd86gnnj_lDiCWQipstE1nmdaeRClaJic59st5kjpnSS3kwwmuPv9RcS-H42mvsZaGwKvGpp-ntIaFBXpPgeSRDnu2a-3kmkNGRjWNwCp6idf0c4fHcqiXvbYRI3KaXxijGn8eGLlqdWBKFyERSeit7WgqmlmPGRQOVCJh9ym2OFO-V0rSz43WBZUGbE=w1280
MORINGA TEA,"Moringa oleifevra is known as ""Miracle Tree"". It contains a profile of important minerals, and is a good source of protein, vitamins, beta-carltene, amino acids and I various phenolics.Ingredients: Moringa Olifevra leaves, Green Tea.Suitable for: Any age people.",https://lh3.googleusercontent.com/sitesv/AA5AbUC2TlRn5snlPOeR0xDa9d3sEnrnIOHif_XT2W73bI5AWIzhU7wwJeVw2i8OSTbJdptlLWkbMYdAzgz5VrZqahP34wqQwX9QQDsvor6yDYqChmGWr0tvqy77pMbTaJMC7rMrPJZyNuYpt9gK8mJj0bL-vaTADCbIFOgSXkKVn6BVgnU3B7EnUW7PhMp6oikz1wgWKW-CEmiZFiil7zoy3zWLuK_FrvP2b-h_VN0=w1280
OOLONG TEA,"Ingredients: Oolonig tea leaves. | Health benefit: Oolong tea is semi-fermented tea, which is a special type of Chinese tea. It helps to anti-fatigue, lose weight, prevent cancer, lower blood lipid, anti-aging, etc. | Suitable for: Any age people",https://lh3.googleusercontent.com/sitesv/AA5AbUChkZwm_A6J1kexG4bmRCLgrjlewEWxsA2NXgSmrJvW6ABPGbA8IOriM22pAYPqeCiLgBRA7Hx-bnnfOm_OMknH-8vrs9vKVEUV0sQgVut3DmdJycPWa_Is0fvIDsd1XCzjlks8TtYVQRfwSWbPONWZbW23ZuYUoh46gOtYfwhsAVrc-_UVIX1YYK0QzwwBAMNTDGah70thnb35pzrbp8Gd26ewwtAuDsliw0E=w1280
PROSTATE CARE TEA,"Prostate Care Tea is formulated with high quality herbs. These herbs are safely used as traditional medicines for many centuries, and the health benefits have been approved by modern scientific research. | Ingredients: Plantago Seeds, Cyathula Root, Ophiopogon Tuber, Vaccaria Seeds, Tree Peony Root Bark, Notoginseng Root, Licorice Root, Green Tea.",https://lh3.googleusercontent.com/sitesv/AA5AbUDH3BYZA-81Z0RlI0ksbABDjiUWhfILoaHPpZzj2g_UCdbOyGae3hkrSPoaU0lgo0bIDgcsAWZYBM6Ez63UBpNu8ZXXsfCe8M6VIjL14h3uNte4P8hpf_rrmJpyEj2JUnyqB_bvzj5yJVTpdNTmvw3sFuSnDbWIIqbJ5sAht7o0Tt2Roi18vklepEapxklOwcmmBx2kRAtUwjt4DQjOO7Bgs3kds8L2_OQU=w1280
QUIT SMOKING TEA,"Ingredients: Wax Gourd Seeds, Perilla Leaf, White Mustard Seeds, Thinleaf Milkwort Root, Lily Bulbs, Platycodon Root, Common Coltsfoot Flower and Ganoderma Lucidum. | Health benefit: It helps to calm mind and relief dysphoria, promote production of body fluid and nourish the lung and recover the damage caused by smoking in lung. | Suitable for: Smoking people or people in air pollution area.",https://lh3.googleusercontent.com/sitesv/AA5AbUApCOwGVJIiCfYsEjS6m1bckqDyJ2ztOHmK_Vp5zjtfA4XUm1Ff26puUf2CgqdIFO8xMOSTEcNpNI_yHvqEb4pYQcts4vMLzVO477Matg8v-Mx7-_VRNNOROjjBEoLfw_t3PiMsUuOhgYYn7FZz2MJhba2IgWaF9zn8t7CZ5-tPWGDwUsdV3sQvGvTz4gkHyT6ac-YWf5cI8CVFSGGZfaJLOHSYImBOt1bkD2Q=w1280
RED FLOWER GREEN TEA,"Ingredients: Safflower, Green Tea, Chinese Angelica, Salvia Root and Ligusticum wallichii. | Health benefit: It helps to promote blood circulation, dispel blood stasis, soften blood vessel and prevent thrombus. | Suitable for: People with hyperlipidemia, hypertension and stroke. | This tea has sweet smelling flavor of the natural herb.",https://lh3.googleusercontent.com/sitesv/AA5AbUBjW7UIhD5_pT6r7ioVjoaeZz9jQUgaGHSGVQeffsKuM9jR52wlFFH07Go3FYUhjPwtSkF7_vD2co6NH_u83H0wPRkkVhdRz__z3hno6Q__9ZLMpQR5byawDtCFzRsPZSiL5iipy_9wA9jQORfc5bIIBFtUtXKWmblm03uS4hHOstjUM4_DccVjrb2opyuAXcyfZyHtCweOkCU91QrUTvpG6x50bxnBZmz5GxU=w1280
SEX TEA,"SACM Sex Tea is formulated with high quality natural herbs, which are approved with effective function to improve male sexual activity. | [Ingredients] | Platycodon Root, Cynomorium, Epimedium Root, Black Tea. | [Actions] | To nourish kidney, produce vigor and strengthen Yang. | [Indications] | For weak sexual activity, impotence and early ejaculation.",https://lh3.googleusercontent.com/sitesv/AA5AbUDFbx6ZzLONao3OJkOdYeSIjwQ57Fq-_uewDtqfAH52B5g2y9edgZHHcfJy9uf-MdRT43x_z3aX3xKpftusRqV_wL9tcrLXQ7O-OkfTG6t8j-KWo4M5p0mbgCv-PRLOFMD4-4wLTECHzz3IGtDcWwsb9aWrtd8-IKX3EF-04Nxij6Z1k0RdvqbOobzZYwsEoenBe0YY3B7tshlIUA8D2OAv06Eg8HVX-gqMh6g=w1280
SKIN LIGHTENING TEA,"Skin Lightening Tea is formulated with high quality herbs. These herbs are safely used as traditional medicines for many centuries, and the health benefits have been approved by modern scientific research. | Ingredients: Peach Flower, Rose Flower, Angelica Root, Fragrant Solomon's Seal Root, Green Tea.",https://lh3.googleusercontent.com/sitesv/AA5AbUAujp3b9HSHHIVyO2ZJJi1gjngQGuI54AdZ3nsEhD4Q_asZn-hwNIH_8PZD7hUNPDymzemV1yrAriOLHQtp2U3241zQ7wx9FmunuY5Ic5Bd7vjgNUmsUQjtix_kWVGjknRDc4wWBQRTYwM12RCcWUPQEei5I9l7X6sSPy7yPC0Ffa9ajfaisEgJBtZ1TkZ9TZJM53PaRRzM9wVqcv68ztsvlKh4CMqQUEAFnQI=w1280
SLIM TEA,"SACM Slim Tea contents lipids decomposition enzyme which can accelerate the decomposing of lipids, and it also rich in many kinds of organic acids which can help the digesting and decomposing of high-fat food. So it can basically reduce weight and lipids. The cyclocarya leaves have the function of nourishing skin, it can make the skin recover elasticity when the weight is reduced, so it can prevent wrinkle in the skin. | [Ingredients] | Cassia Seed, Hawthorn Fruit, Perilla Fruit, Hangzhou Chrysanthemum Flower, Cyclocarya Leaves, Green Tea. | [Actions] | To reduce fat and decompose lipid. | [Indications] | For over weight and high blood lipid.",https://lh3.googleusercontent.com/sitesv/AA5AbUDr4VV4aRkyAIjiI13-hIYox43z5qvePL0XwIsCFEHET8S5z7zVpXFiNL7awi7XJNLSI5g4WdrWbjuZ_NSfkxTRYOyv0iDjjd_AsNpa5VeFn6BYR4h-53DkdZW5DYLFIo05mQAfOGSyGxkEO0i60Qfeff7OlcJAdDgy49ODKwozauXNrl3Vx2vkb-GOoOmOixGSwJrwNNpv4IS4BYuP3DllzoPmGMX2xGNe0Zc=w1280
SUGAR BALANCE TEA,"SACM Sugar Balance Tea is a kind of Chinese herbal tea, which is made from high quality Chinese herbs, under the direction of Chinese Medicine theory, formulated with high technology and researched meticulously. Drinking the tea often can make an effective defence for pancreas, active the Islet cells, improve the Islet function, enhance the secretion of insulin, promote the utilisation of glucose. It has good effect for diabetes patients who have not been cured for a long period. | [Main Ingredients] Milkvetch Root, Cyclocarya Leaves, Chinese Yam, Green Tea, etc. | [Actions] To enhance the secretion of insulin, strengthen the kidney, tonify the spleen, nourish the lung and enrich the essence. | [Indications] To be used for diabetes.",https://lh3.googleusercontent.com/sitesv/AA5AbUCzCceL58A7uCLRILVbkRKzF3CGcLDTKjdpMH2qMMwDqo9rnrc8Wx_x7eTgO96EekvxdaqvrdRpt_U2AtrVkIXKkPCzCHrcwieApAz4SHH-3LIy091xyCY6HWk6KlEYaJjrj6nZxtyCtxLdwz3DfXNqTcxQI0DWolINb_eYydWclCXerXrCjKjrM0NoZHmimsbf-jBxCRSMYTy87haJunSArr14d-LsblFB=w1280
THREE FLOWERS TEA,"Ingredients: Wild Chrysanthemum Flower, Honeysuckle Flower, Fructus Gardeniae, Cane Sugar. | Health benefit: Helps to clearing heart, detoxify, relieve sore throat, prevent flu and lower blood pressure. | Suitable for: Any age people.",https://lh3.googleusercontent.com/sitesv/AA5AbUAwg8hPbsVvWuJuryI5SbU9LDmW1GuuciO4HlWjnQwsnQzU3X1lCXTXtQZ2DbF23woeXjazkB1WQ2DvDK6i7Lpbq-v0j81TbMrw8b8qpKU2lKXh54H1ZsydTtzJOGBfT6G8WZTtqePf-fbyAVb3npuxJ-TCxsOYv1be1JQHoAeygRoOyUgPU3x6q5Op5c6wUyx67yRRhwIzdwuZlVxxEiQu5vjcNID-P9u5yW0=w1280
WALNUT TEA,"Walnut Tea is rich source of energy and hold several health benefiting nutrients, minerals, antioxidants and vitamins that are essential for optimum health and wellness. It can nourish heart and brain. | [Ingredients] Walnut Kernel, Gynostemma pentaphyllum and Green Tea.",https://lh3.googleusercontent.com/sitesv/AA5AbUAFYcoUGI7Jl5ShZgKQ4daWozrnYQcisUNJz3Z2KAzU7l5FJ0hlXILdDKWonh8qjbXAz30XDzn2FLtCIEOeA6II04ka40KkHcDHljnDGZJkwCbnvSs7qjbhQdEwnlD3XANstm_UUqMJg-VeMGT1tpyjwJab4Hlmv68ewFm86ZS7agNdviF7QzFis_OpdrI2IxmtJKdrjfl_TQ8-zpTK4O-MRSrfJhPaFvOGqxI=w1280
WHITE GOURD SLIM TEA,"Ingredients: Fleeceflower Root, White Gourd Peel, Pagodatree Pod, Hawkthorn Fruit, Oolong Tea. | Health benefit: It helps to lose weight and lower blood lipid. | Suitable for: Simple obesity and hyperlipidemia people.",https://lh3.googleusercontent.com/sitesv/AA5AbUCBhy491qsK0r_YW7Y1HVhA2ZjgYM12airfn2nhgy3woSlgDqV0iYNEJcLzj6EeMHAgGDOf2ea2AcN0xCJfibVDYS0CZw75uYq0e7lQoDR1QyhQ-F72eFHkGH4d64cYiFg_2M8g7Eaogeq09oDvmnoZTjuek7soOhNOgV5BbZnei8umfXJ4_TjzG7k2lWPzBqhBjDKBjIj9dq7uKpEenLkZhCEAWL0aZv2Y0E0=w1280
WOMB CARE TEA,"Womb Care Tea is formulated with high quality herbs. These herbs are safely used as traditional medicines for many centuries, and the health benefits have been approved by modern scientific research. | Ingredients: Asian Motherwort, Angelica Root, Rhizoma Chuanxiong, Licorice Root, Green Tea.",https://lh3.googleusercontent.com/sitesv/AA5AbUD9QuF_cf2gC3hEl0jX8IYeNSKEYYa1Rq1xTf2wd3J_4PlyrIBYXoyt16FrhNtGR-7wmRNeB1NjB6sAvRmYfkYnrB2ZfMSBuE5TOX4QmkTfVij-bzgVpgn574uDQgl9ZflTxZJndngUkPNUvJLp_oh4v066oUtGikvQL2Wlfhpy7dtczlxFSOlIkqy3GJbATacfVx_Ujz-D7XS9PS5wUnozU3-5Jy-v9p5oIO0=w1280
